{"cameraMode":{"drawMode":0,"name":"Shaded","section":"Shading Mode"},"sceneLighting":true,"audioPlay":false,"sceneViewState":{"showFog":true,"showMaterialUpdate":false,"showSkybox":true,"showFlares":true,"showImageEffects":true,"showParticleSystems":true},"in2DMode":false,"pivot":{"x":0.05019485950469971,"y":-0.08521270751953125,"z":-0.6274918913841248},"rotation":{"x":-0.4781903922557831,"y":0.520463764667511,"z":-0.47362232208251955,"w":-0.5254839658737183},"size":10.597905158996582,"orthographic":false}