{"cameraMode":{"drawMode":0,"name":"Shaded","section":"Shading Mode"},"sceneLighting":false,"audioPlay":false,"sceneViewState":{"showFog":false,"showMaterialUpdate":false,"showSkybox":false,"showFlares":false,"showImageEffects":false,"showParticleSystems":false},"in2DMode":false,"pivot":{"x":3.8350882530212404,"y":0.9750000238418579,"z":0.930933952331543},"rotation":{"x":0.40776607394218447,"y":-0.0024687747936695816,"z":0.001102478476241231,"w":0.913082480430603},"size":3.7271385192871095,"orthographic":false}