{"cameraMode":{"drawMode":0,"name":"Shaded","section":"Shading Mode"},"sceneLighting":false,"audioPlay":false,"sceneViewState":{"showFog":false,"showMaterialUpdate":false,"showSkybox":false,"showFlares":false,"showImageEffects":false,"showParticleSystems":false},"in2DMode":false,"pivot":{"x":-6.956241130828857,"y":0.1794716715812683,"z":-1.1972951889038087},"rotation":{"x":-0.04225219041109085,"y":0.8440459370613098,"z":-0.5303581357002258,"w":-0.0672433078289032},"size":3.13010573387146,"orthographic":false}