{"cameraMode":{"drawMode":0,"name":"Shaded","section":"Shading Mode"},"sceneLighting":false,"audioPlay":false,"sceneViewState":{"showFog":false,"showMaterialUpdate":false,"showSkybox":false,"showFlares":false,"showImageEffects":false,"showParticleSystems":false},"in2DMode":false,"pivot":{"x":1.119265079498291,"y":0.703489363193512,"z":-0.4260002374649048},"rotation":{"x":0.6871148943901062,"y":0.0002155038237106055,"z":-0.0002035068318946287,"w":0.7265487909317017},"size":5.271410942077637,"orthographic":false}