{"cameraMode":{"drawMode":0,"name":"Shaded","section":"Shading Mode"},"sceneLighting":true,"audioPlay":false,"sceneViewState":{"showFog":false,"showMaterialUpdate":false,"showSkybox":false,"showFlares":false,"showImageEffects":false,"showParticleSystems":false},"in2DMode":false,"pivot":{"x":-2.1599485874176027,"y":-26.564685821533204,"z":-9.169309616088868},"rotation":{"x":-0.0016261291457340122,"y":0.8402714133262634,"z":-0.5421577095985413,"w":-0.002520772162824869},"size":36.82635498046875,"orthographic":false}