{"cameraMode":{"drawMode":0,"name":"Shaded","section":"Shading Mode"},"sceneLighting":false,"audioPlay":false,"sceneViewState":{"showFog":false,"showMaterialUpdate":false,"showSkybox":false,"showFlares":false,"showImageEffects":false,"showParticleSystems":false},"in2DMode":false,"pivot":{"x":0.9249536991119385,"y":0.32106417417526247,"z":1.1772181987762452},"rotation":{"x":-0.04225219041109085,"y":0.8440459370613098,"z":-0.5303581357002258,"w":-0.0672433078289032},"size":2.6465368270874025,"orthographic":false}