{"cameraMode":{"drawMode":0,"name":"Shaded","section":"Shading Mode"},"sceneLighting":false,"audioPlay":false,"sceneViewState":{"showFog":false,"showMaterialUpdate":false,"showSkybox":false,"showFlares":false,"showImageEffects":false,"showParticleSystems":false},"in2DMode":false,"pivot":{"x":-6.998892784118652,"y":0.5069330334663391,"z":5.903926849365234},"rotation":{"x":0.5621687769889832,"y":0.0014852596214041114,"z":-0.0010095166508108378,"w":0.8270206451416016},"size":1.4459468126296998,"orthographic":false}