{"cameraMode":{"drawMode":0,"name":"Shaded","section":"Shading Mode"},"sceneLighting":true,"audioPlay":false,"sceneViewState":{"showFog":false,"showMaterialUpdate":false,"showSkybox":false,"showFlares":false,"showImageEffects":false,"showParticleSystems":false},"in2DMode":false,"pivot":{"x":-0.44606059789657595,"y":0.5782852172851563,"z":2.3847339153289797},"rotation":{"x":0.6871148943901062,"y":0.0002155038237106055,"z":-0.0002035068318946287,"w":0.7265487909317017},"size":9.50244140625,"orthographic":false}