{"cameraMode":{"drawMode":0,"name":"Shaded","section":"Shading Mode"},"sceneLighting":true,"audioPlay":false,"sceneViewState":{"showFog":false,"showMaterialUpdate":false,"showSkybox":false,"showFlares":false,"showImageEffects":false,"showParticleSystems":false},"in2DMode":false,"pivot":{"x":-4.312025547027588,"y":-25.08328628540039,"z":-13.0482177734375},"rotation":{"x":0.0028426244389265777,"y":0.88066166639328,"z":-0.47370779514312746,"w":0.0052841100841760639},"size":36.4022102355957,"orthographic":false}