{"cameraMode":{"drawMode":0,"name":"Shaded","section":"Shading Mode"},"sceneLighting":true,"audioPlay":false,"sceneViewState":{"showFog":false,"showMaterialUpdate":false,"showSkybox":false,"showFlares":false,"showImageEffects":false,"showParticleSystems":false},"in2DMode":false,"pivot":{"x":2.045729398727417,"y":-26.338491439819337,"z":25.971208572387697},"rotation":{"x":0.40776607394218447,"y":-0.0024687747936695816,"z":0.001102478476241231,"w":0.913082480430603},"size":48.59368133544922,"orthographic":false}