{"cameraMode":{"drawMode":0,"name":"Shaded","section":"Shading Mode"},"sceneLighting":true,"audioPlay":false,"sceneViewState":{"showFog":false,"showMaterialUpdate":false,"showSkybox":false,"showFlares":false,"showImageEffects":false,"showParticleSystems":false},"in2DMode":false,"pivot":{"x":-3.6717581748962404,"y":-25.787792205810548,"z":-10.631477355957032},"rotation":{"x":-0.04225219041109085,"y":0.8440459370613098,"z":-0.5303581357002258,"w":-0.0672433078289032},"size":35.887962341308597,"orthographic":false}