{"cameraMode":{"drawMode":0,"name":"Shaded","section":"Shading Mode"},"sceneLighting":true,"audioPlay":false,"sceneViewState":{"showFog":false,"showMaterialUpdate":false,"showSkybox":false,"showFlares":false,"showImageEffects":false,"showParticleSystems":false},"in2DMode":false,"pivot":{"x":-0.2937355637550354,"y":0.20433318614959718,"z":0.14132970571517945},"rotation":{"x":0.6871148943901062,"y":0.0002155038237106055,"z":-0.0002035068318946287,"w":0.7265487909317017},"size":2.2027034759521486,"orthographic":false}