{"cameraMode":{"drawMode":0,"name":"Shaded","section":"Shading Mode"},"sceneLighting":false,"audioPlay":false,"sceneViewState":{"showFog":false,"showMaterialUpdate":false,"showSkybox":false,"showFlares":false,"showImageEffects":false,"showParticleSystems":false},"in2DMode":false,"pivot":{"x":-3.7009999752044679,"y":0.5,"z":-0.016835510730743409},"rotation":{"x":0.3949589431285858,"y":0.3233070373535156,"z":-0.15083001554012299,"w":0.8465993404388428},"size":11.88626766204834,"orthographic":false}