{"cameraMode":{"drawMode":0,"name":"Shaded","section":"Shading Mode"},"sceneLighting":false,"audioPlay":false,"sceneViewState":{"showFog":false,"showMaterialUpdate":false,"showSkybox":false,"showFlares":false,"showImageEffects":false,"showParticleSystems":false},"in2DMode":false,"pivot":{"x":-0.206579327583313,"y":0.2842952609062195,"z":-1.6605985164642335},"rotation":{"x":-0.04225219041109085,"y":0.8440459370613098,"z":-0.5303581357002258,"w":-0.0672433078289032},"size":4.5770344734191898,"orthographic":false}