{"cameraMode":{"drawMode":0,"name":"Shaded","section":"Shading Mode"},"sceneLighting":false,"audioPlay":false,"sceneViewState":{"showFog":false,"showMaterialUpdate":false,"showSkybox":false,"showFlares":false,"showImageEffects":false,"showParticleSystems":false},"in2DMode":false,"pivot":{"x":-3.1917247772216799,"y":0.6151769161224365,"z":8.906085968017579},"rotation":{"x":0.4853523373603821,"y":-0.34303048253059389,"z":0.21482878923416139,"w":0.774991512298584},"size":18.99149513244629,"orthographic":false}