{"cameraMode":{"drawMode":0,"name":"Shaded","section":"Shading Mode"},"sceneLighting":false,"audioPlay":false,"sceneViewState":{"showFog":false,"showMaterialUpdate":false,"showSkybox":false,"showFlares":false,"showImageEffects":false,"showParticleSystems":false},"in2DMode":false,"pivot":{"x":-0.2605753242969513,"y":0.8025104999542236,"z":1.0637941360473633},"rotation":{"x":-0.04225219041109085,"y":0.8440459370613098,"z":-0.5303581357002258,"w":-0.0672433078289032},"size":3.4602394104003908,"orthographic":false}